<?xml version="1.0"?>
<doc>
    <assembly>
        <name>Hahn.ApplicatonProcess.May2020.Web</name>
    </assembly>
    <members>
        <member name="M:Hahn.ApplicatonProcess.May2020.Web.Controllers.ApplicantController.Get">
            <summary>
                Gets list of all applicants.
            </summary>
            <returns>The collection of all applicants.</returns>
        </member>
        <member name="M:Hahn.ApplicatonProcess.May2020.Web.Controllers.ApplicantController.GetById(System.Int32)">
            <summary>
                Gets details of an applicant with specified id.
            </summary>
            <param name="id">Id of applicant.</param>
            <returns>Details of applicant.</returns>
        </member>
        <member name="M:Hahn.ApplicatonProcess.May2020.Web.Controllers.ApplicantController.Create(Hahn.ApplicatonProcess.May2020.Application.Applicants.Commands.CreateApplicant.CreateApplicantCommand)">
            <summary>
                Saves details of new applicant.
            </summary>
            <param name="command">Applicant object.</param>
            <returns>Saved details of applicant.</returns>
        </member>
        <member name="M:Hahn.ApplicatonProcess.May2020.Web.Controllers.ApplicantController.Update(Hahn.ApplicatonProcess.May2020.Application.Applicants.Commands.UpdateApplicant.UpdateApplicantCommand)">
            <summary>
                Updates details of applicant with specified id.
            </summary>
            <param name="command">Applicant object.</param>
        </member>
        <member name="M:Hahn.ApplicatonProcess.May2020.Web.Controllers.ApplicantController.Delete(System.Int32)">
            <summary>
                Deletes applicant with specified if.
            </summary>
            <param name="id">Id of applicant.</param>
            <returns>Empty response.</returns>
        </member>
    </members>
</doc>
